<?xml version="1.0" encoding="UTF-8"?>
<project-private xmlns="http://www.netbeans.org/ns/project-private/1">
    <editor-bookmarks xmlns="http://www.netbeans.org/ns/editor-bookmarks/2" lastBookmarkId="0"/>
    <open-files xmlns="http://www.netbeans.org/ns/projectui-open-files/2">
        <group>
            <file>file:/C:/Users/dcod1/Documents/GitHub/CS4125/Web_Service/DanceSchool/src/java/web/Class.java</file>
            <file>file:/C:/Users/dcod1/Documents/GitHub/CS4125/Web_Service/DanceSchool/src/java/web/register.java</file>
            <file>file:/C:/Users/dcod1/Documents/GitHub/CS4125/Web_Service/DanceSchool/src/java/web/Users.java</file>
            <file>file:/C:/Users/dcod1/Documents/GitHub/CS4125/Web_Service/DanceSchool/src/java/web/Attendance.java</file>
            <file>file:/C:/Users/dcod1/Documents/GitHub/CS4125/Web_Service/DanceSchool/src/java/web/Permissions.java</file>
            <file>file:/C:/Users/dcod1/Documents/GitHub/CS4125/Web_Service/DanceSchool/src/java/web/service/AbstractFacade.java</file>
            <file>file:/C:/Users/dcod1/Documents/GitHub/CS4125/Web_Service/DanceSchool/src/java/web/service/UsersFacadeREST.java</file>
        </group>
    </open-files>
</project-private>
